[
    {
        "article_id": 1086501618,
        "category_id": 49526,
        "seller_id": 330247236,
        "title": "Canon EOS 5D Mark III body und Zubeh\u00f6r",
        "bid_price": "0",
        "buynow_price": "2095",
        "bids_count": 0,
        "start_date": "2019-10-23T18:40:00Z",
        "end_date": "2019-10-27T18:15:00Z",
        "item_conditon": 3,
        "shipping_options": [
            {
                "method_id": 3,
                "cost": "0",
                "condition": "Paket A-Post",
                "description": "",
                "is_cumulative_shipping": false
            }
        ],
        "is_cars_and_bikes": false,
        "image_url": "https://img.ricardostatic.ch/resize?width=500&height=500&quality=40&nocrop=false&url=https://ricardo-images-prod.s3.amazonaws.com/product/live/1086501618_v8_1&token=f26506e76d7e71730de8f41be83ff688",
        "is_promo_offer": true,
        "offer_type": "fixed_price",
        "on_wishlist": false
    },
    {
        "article_id": 1086759850,
        "category_id": 39051,
        "seller_id": 405239478,
        "title": "B\u00fcrokorpus, anthrazit",
        "bid_price": "190",
        "buynow_price": "320",
        "bids_count": 43,
        "start_date": "2019-10-13T23:00:00Z",
        "end_date": "2019-10-23T23:00:00Z",
        "item_conditon": 3,
        "shipping_options": [
            {
                "method_id": 8,
                "cost": "0",
                "condition": "Abholung durch K\u00e4ufer",
                "description": "",
                "is_cumulative_shipping": false
            }
        ],
        "is_cars_and_bikes": false,
        "image_url": "https://img.ricardostatic.ch/resize?width=500&height=500&quality=40&nocrop=false&url=https://ricardo-images-prod.s3.amazonaws.com/product/live/1086759850_v3_1&token=d7d5d201a61f324e32e44c25cf51b09e",
        "is_promo_offer": false,
        "offer_type": "auction_with_buynow",
        "on_wishlist": false
    },
    {
        "article_id": 1086972202,
        "category_id": 70128,
        "seller_id": 355356300,
        "title": "Supersch\u00f6ne Felgen f\u00fcr Grand Cherokee",
        "bid_price": "500",
        "buynow_price": "800",
        "bids_count": 0,
        "start_date": "2019-10-16T20:01:00Z",
        "end_date": "2019-10-23T23:01:00Z",
        "item_conditon": 3,
        "shipping_options": [
            {
                "method_id": 8,
                "cost": "0",
                "condition": "Abholung durch K\u00e4ufer",
                "description": "",
                "is_cumulative_shipping": false
            }
        ],
        "is_cars_and_bikes": false,
        "image_url": "https://img.ricardostatic.ch/resize?width=500&height=500&quality=40&nocrop=false&url=https://ricardo-images-prod.s3.amazonaws.com/product/live/1086972202_v2_1&token=ccae5960642d37412ac1de3ce23af1ab",
        "is_promo_offer": false,
        "offer_type": "auction_with_buynow",
        "on_wishlist": false
    },
    {
        "article_id": 1087534794,
        "category_id": 40852,
        "seller_id": 403739025,
        "title": "Cinzia Rocca \u00dcbergangsmantel, Gr 34",
        "bid_price": "91",
        "buynow_price": "189",
        "bids_count": 1,
        "start_date": "2019-10-18T18:03:00Z",
        "end_date": "2019-10-23T23:03:00Z",
        "item_conditon": 0,
        "shipping_options": [
            {
                "method_id": 4,
                "cost": "7",
                "condition": "Paket B-Post",
                "description": "",
                "is_cumulative_shipping": false
            }
        ],
        "is_cars_and_bikes": false,
        "image_url": "https://img.ricardostatic.ch/resize?width=500&height=500&quality=40&nocrop=false&url=https://ricardo-images-prod.s3.amazonaws.com/product/live/1087534794_v5_1&token=4121c1dd6e1207519779db1f4a2602e7",
        "is_promo_offer": false,
        "offer_type": "auction_with_buynow",
        "on_wishlist": false
    },
    {
        "article_id": 1087555818,
        "category_id": 40545,
        "seller_id": 404068016,
        "title": "Designer-Wickeltisch von Leander",
        "bid_price": "0",
        "buynow_price": "30",
        "bids_count": 0,
        "start_date": "2019-10-23T21:34:00Z",
        "end_date": "2019-10-29T22:33:00Z",
        "item_conditon": 3,
        "shipping_options": [
            {
                "method_id": 8,
                "cost": "0",
                "condition": "Abholung durch K\u00e4ufer",
                "description": "",
                "is_cumulative_shipping": false
            }
        ],
        "is_cars_and_bikes": false,
        "image_url": "https://img.ricardostatic.ch/resize?width=500&height=500&quality=40&nocrop=false&url=https://ricardo-images-prod.s3.amazonaws.com/product/live/1087555818_v2_1&token=852af6e769081f916adb216ad7164bc6",
        "is_promo_offer": false,
        "offer_type": "fixed_price",
        "on_wishlist": false
    },
    {
        "article_id": 1087610882,
        "category_id": 41102,
        "seller_id": 405795553,
        "title": "Philips OneBlade Ersatzklinge 2 St\u00fcckNEU",
        "bid_price": "0",
        "buynow_price": "21.95",
        "bids_count": 0,
        "start_date": "2019-10-23T22:01:00Z",
        "end_date": "2019-11-02T23:01:00Z",
        "item_conditon": 1,
        "shipping_options": [
            {
                "method_id": 5,
                "cost": "5.3",
                "condition": "Einschreiben ",
                "description": "Einschreiben, 5.30 CHF",
                "is_cumulative_shipping": false
            }
        ],
        "is_cars_and_bikes": false,
        "image_url": "https://img.ricardostatic.ch/resize?width=500&height=500&quality=40&nocrop=false&url=https://ricardo-images-prod.s3.amazonaws.com/product/live/1087610882_v0_1&token=1f76fc2201cacae99d53fce13db1a0b1",
        "is_promo_offer": false,
        "offer_type": "fixed_price",
        "on_wishlist": false
    },
    {
        "article_id": 1089098202,
        "category_id": 68709,
        "seller_id": 355355579,
        "title": "Samsung UHD UE49MU7000, Vogel's Base 45",
        "bid_price": "0",
        "buynow_price": "355",
        "bids_count": 0,
        "start_date": "2019-10-23T22:10:00Z",
        "end_date": "2019-11-02T23:10:00Z",
        "item_conditon": 3,
        "shipping_options": [
            {
                "method_id": 8,
                "cost": "0",
                "condition": "Abholung durch K\u00e4ufer",
                "description": "",
                "is_cumulative_shipping": false
            }
        ],
        "is_cars_and_bikes": false,
        "image_url": "https://img.ricardostatic.ch/resize?width=500&height=500&quality=40&nocrop=false&url=https://ricardo-images-prod.s3.amazonaws.com/product/live/1089098202_v0_1&token=5277fad9b6866e1b7c97b0b5332f4ca9",
        "is_promo_offer": false,
        "offer_type": "fixed_price",
        "on_wishlist": false
    },
    {
        "article_id": 1089096434,
        "category_id": 78228,
        "seller_id": 400643983,
        "title": "iPhone X 64GB",
        "bid_price": "0",
        "buynow_price": "480",
        "bids_count": 0,
        "start_date": "2019-10-23T21:47:00Z",
        "end_date": "2019-11-02T22:46:00Z",
        "item_conditon": 3,
        "shipping_options": [
            {
                "method_id": 8,
                "cost": "0",
                "condition": "Abholung durch K\u00e4ufer",
                "description": "",
                "is_cumulative_shipping": false
            }
        ],
        "is_cars_and_bikes": false,
        "image_url": "https://img.ricardostatic.ch/resize?width=500&height=500&quality=40&nocrop=false&url=https://ricardo-images-prod.s3.amazonaws.com/product/live/1089096434_v3_1&token=8b63a539966d6653f7af1eb32e740a95",
        "is_promo_offer": false,
        "offer_type": "fixed_price",
        "on_wishlist": false
    },
    {
        "article_id": 1077726628,
        "category_id": 40338,
        "seller_id": 404154342,
        "title": "Wundersch\u00f6ner Massivholztisch Sumpfeiche",
        "bid_price": "0",
        "buynow_price": "99",
        "bids_count": 0,
        "start_date": "2019-10-23T21:34:00Z",
        "end_date": "2019-11-02T22:34:00Z",
        "item_conditon": 0,
        "shipping_options": [
            {
                "method_id": 8,
                "cost": "0",
                "condition": "Abholung durch K\u00e4ufer",
                "description": "",
                "is_cumulative_shipping": false
            }
        ],
        "is_cars_and_bikes": false,
        "image_url": "https://img.ricardostatic.ch/resize?width=500&height=500&quality=40&nocrop=false&url=https://ricardo-images-prod.s3.amazonaws.com/product/live/1077726628_v12_1&token=da0b97c498c30428eac1fa4453e44673",
        "is_promo_offer": false,
        "offer_type": "fixed_price",
        "on_wishlist": false
    },
    {
        "article_id": 1062990392,
        "category_id": 40337,
        "seller_id": 407132764,
        "title": "Bistrost\u00fchle / Holzst\u00fchle",
        "bid_price": "220",
        "buynow_price": "420",
        "bids_count": 0,
        "start_date": "2019-10-13T22:29:00Z",
        "end_date": "2019-10-23T22:29:00Z",
        "item_conditon": 3,
        "shipping_options": [
            {
                "method_id": 8,
                "cost": "0",
                "condition": "Abholung durch K\u00e4ufer",
                "description": "",
                "is_cumulative_shipping": false
            }
        ],
        "is_cars_and_bikes": false,
        "image_url": "https://img.ricardostatic.ch/resize?width=500&height=500&quality=40&nocrop=false&url=https://ricardo-images-prod.s3.amazonaws.com/product/live/1062990392_v8_1&token=af4dbd4ff4f7e438a50cf05104f4ba95",
        "is_promo_offer": false,
        "offer_type": "auction_with_buynow",
        "on_wishlist": false
    },
    {
        "article_id": 1015309656,
        "category_id": 80789,
        "seller_id": 403382409,
        "title": "Rennvelo Bottecchia",
        "bid_price": "0",
        "buynow_price": "650",
        "bids_count": 0,
        "start_date": "2019-10-23T21:21:00Z",
        "end_date": "2019-11-02T22:21:00Z",
        "item_conditon": 3,
        "shipping_options": [
            {
                "method_id": 8,
                "cost": "0",
                "condition": "Abholung durch K\u00e4ufer",
                "description": "",
                "is_cumulative_shipping": false
            }
        ],
        "is_cars_and_bikes": false,
        "image_url": "https://img.ricardostatic.ch/resize?width=500&height=500&quality=40&nocrop=false&url=https://ricardo-images-prod.s3.amazonaws.com/product/live/1015309656_v2_1&token=66162c43efc8e4aa66d4a1077ead29ff",
        "is_promo_offer": false,
        "offer_type": "fixed_price",
        "on_wishlist": false
    },
    {
        "article_id": 1088183214,
        "category_id": 69497,
        "seller_id": 210113155,
        "title": "Pandoretta Poet High-End Design Musikbox",
        "bid_price": "348",
        "buynow_price": "2000",
        "bids_count": 42,
        "start_date": "2019-10-17T18:25:00Z",
        "end_date": "2019-10-24T18:21:00Z",
        "item_conditon": 3,
        "shipping_options": [
            {
                "method_id": 3,
                "cost": "25",
                "condition": "Paket A-Post",
                "description": "",
                "is_cumulative_shipping": false
            }
        ],
        "is_cars_and_bikes": false,
        "image_url": "https://img.ricardostatic.ch/resize?width=500&height=500&quality=40&nocrop=false&url=https://ricardo-images-prod.s3.amazonaws.com/product/live/1088183214_v0_1&token=0b7a5408b2728504a9b5c48b54b30470",
        "is_promo_offer": false,
        "offer_type": "auction_with_buynow",
        "on_wishlist": false
    },
    {
        "article_id": 1088900252,
        "category_id": 38506,
        "seller_id": 210113155,
        "title": "Transrotor ZET 1 High-End Plattenspieler",
        "bid_price": "1002",
        "buynow_price": "2750",
        "bids_count": 72,
        "start_date": "2019-10-22T14:41:00Z",
        "end_date": "2019-10-31T19:24:00Z",
        "item_conditon": 3,
        "shipping_options": [
            {
                "method_id": 9,
                "cost": "80",
                "condition": "Lieferung durch Verk\u00e4ufer",
                "description": "Lieferung durch Verk\u00e4ufer, 80.00 CHF",
                "is_cumulative_shipping": false
            }
        ],
        "is_cars_and_bikes": false,
        "image_url": "https://img.ricardostatic.ch/resize?width=500&height=500&quality=40&nocrop=false&url=https://ricardo-images-prod.s3.amazonaws.com/product/live/1088900252_v0_1&token=94e67bb330ebf0323e534e8da5fa4fc1",
        "is_promo_offer": false,
        "offer_type": "auction_with_buynow",
        "on_wishlist": false
    },
    {
        "article_id": 1088902626,
        "category_id": 38506,
        "seller_id": 210113155,
        "title": "Benz-Micro Glider  High-End Tonabnehmer",
        "bid_price": "302",
        "buynow_price": "680",
        "bids_count": 10,
        "start_date": "2019-10-22T14:56:00Z",
        "end_date": "2019-10-31T20:09:00Z",
        "item_conditon": 3,
        "shipping_options": [
            {
                "method_id": 4,
                "cost": "10",
                "condition": "Paket B-Post",
                "description": "",
                "is_cumulative_shipping": false
            }
        ],
        "is_cars_and_bikes": false,
        "image_url": "https://img.ricardostatic.ch/resize?width=500&height=500&quality=40&nocrop=false&url=https://ricardo-images-prod.s3.amazonaws.com/product/live/1088902626_v0_1&token=f8477f4cfef3e56e768f30a9c08eb181",
        "is_promo_offer": false,
        "offer_type": "auction_with_buynow",
        "on_wishlist": false
    },
    {
        "article_id": 1089084836,
        "category_id": 38511,
        "seller_id": 210113155,
        "title": "Devialet 170/200 TOP High-End Verst\u00e4rker",
        "bid_price": "78",
        "buynow_price": "3200",
        "bids_count": 7,
        "start_date": "2019-10-23T20:01:00Z",
        "end_date": "2019-10-31T19:59:00Z",
        "item_conditon": 3,
        "shipping_options": [
            {
                "method_id": 3,
                "cost": "25",
                "condition": "Paket A-Post",
                "description": "",
                "is_cumulative_shipping": false
            }
        ],
        "is_cars_and_bikes": false,
        "image_url": "https://img.ricardostatic.ch/resize?width=500&height=500&quality=40&nocrop=false&url=https://ricardo-images-prod.s3.amazonaws.com/product/live/1089084836_v0_1&token=aa4321c17e17a4fc1c006d1c7b642b34",
        "is_promo_offer": false,
        "offer_type": "auction_with_buynow",
        "on_wishlist": false
    },
    {
        "article_id": 1087755524,
        "category_id": 38479,
        "seller_id": 407074185,
        "title": "Joseph Sima (1891-1971) Orig. Aquarell",
        "bid_price": "955",
        "buynow_price": "0",
        "bids_count": 64,
        "start_date": "2019-10-14T22:12:00Z",
        "end_date": "2019-10-24T19:21:00Z",
        "item_conditon": 3,
        "shipping_options": [
            {
                "method_id": 3,
                "cost": "16",
                "condition": "Paket A-Post",
                "description": "",
                "is_cumulative_shipping": false
            }
        ],
        "is_cars_and_bikes": false,
        "image_url": "https://img.ricardostatic.ch/resize?width=500&height=500&quality=40&nocrop=false&url=https://ricardo-images-prod.s3.amazonaws.com/product/live/1087755524_v0_1&token=e4741d1d7faa249ea342017c4d024071",
        "is_promo_offer": false,
        "offer_type": "auction",
        "on_wishlist": false
    }
]